<?xml version="1.0" encoding="UTF-8"?>
<!-- This is a quick edit of Forge's bundled log4j2.xml to enable ANSI output in the console. -->
<!-- This file is licensed under the Minecraft Forge License, located in dependencyLicenses/minecraftForge/MINECRAFT_FORGE_LICENSE.txt.-->
<Configuration status="WARN" packages="com.mojang.util">
    <Appenders>
        <Console name="FmlSysOut" target="SYSTEM_OUT">
            <PatternLayout pattern="[%d{HH:mm:ss}] %highlight{[%t/%level] [%logger]: %msg%n%throwable}{FATAL=BG_Red, default, bold, ERROR=red, WARN=yellow, INFO=default, DEBUG=green, dim, TRACE=black}" />
        </Console>
        <Console name="SysOut" target="SYSTEM_OUT">
            <PatternLayout pattern="[%d{HH:mm:ss}] %highlight{[%t/%level]: %msg%n%throwable}{FATAL=BG_Red, default, bold, ERROR=red, WARN=yellow, INFO=default, DEBUG=green, dim, TRACE=black}" />
        </Console>
        <Queue name="ServerGuiConsole" ignoreExceptions="true">
            <PatternLayout pattern="[%d{HH:mm:ss}] [%t/%level] [%logger]: %msg%n" />
        </Queue>
        <RollingRandomAccessFile name="File" fileName="logs/latest.log" filePattern="logs/%d{yyyy-MM-dd}-%i.log.gz">
            <PatternLayout pattern="[%d{HH:mm:ss}] [%t/%level]: %msg%n" />
            <Policies>
                <TimeBasedTriggeringPolicy />
                <OnStartupTriggeringPolicy />
            </Policies>
        </RollingRandomAccessFile>
        <Routing name="FmlFile">
            <Routes pattern="$${ctx:side}">
                <Route>
                    <RollingRandomAccessFile name="FmlFile" fileName="logs/fml-${ctx:side}-latest.log" filePattern="logs/fml-${ctx:side}-%i.log">
                        <PatternLayout pattern="[%d{HH:mm:ss}] [%t/%level] [%logger/%X{mod}]: %msg%n" />
                        <DefaultRolloverStrategy max="3" fileIndex="max" />
                        <Policies>
                            <OnStartupTriggeringPolicy />
                        </Policies>
                    </RollingRandomAccessFile>
                </Route>
                <Route key="$${ctx:side}">
                    <RandomAccessFile name="FmlFile" fileName="logs/fml-junk-earlystartup.log" >
                        <PatternLayout pattern="[%d{HH:mm:ss}] [%t/%level] [%logger]: %msg%n" />
                    </RandomAccessFile>
                </Route>
            </Routes>
        </Routing>
    </Appenders>
    <Loggers>
        <Logger level="info" name="com.mojang" additivity="false">
            <AppenderRef ref="SysOut" level="INFO" />
            <AppenderRef ref="File" />
            <AppenderRef ref="ServerGuiConsole" level="INFO" />
        </Logger>
        <Logger level="info" name="net.minecraft" additivity="false">
            <filters>
                <MarkerFilter marker="NETWORK_PACKETS" onMatch="DENY" onMismatch="NEUTRAL" />
                <!-- Filter out Hypixel error spam -->
                <RegexFilter regex="Error executing task.*|Unable to play unknown soundEvent.*" onMatch="DENY" onMismatch="NEUTRAL" />
            </filters>
            <AppenderRef ref="SysOut" level="INFO" />
            <AppenderRef ref="File" />
            <AppenderRef ref="ServerGuiConsole" level="INFO" />
        </Logger>
        <Root level="all">
            <AppenderRef ref="FmlSysOut" level="INFO" />
            <AppenderRef ref="ServerGuiConsole" level="INFO" />
            <AppenderRef ref="FmlFile"/>
        </Root>
    </Loggers>
</Configuration>
