<?xml version="1.0" encoding="UTF-8"?>
<!-- This is an edited version of Forge's bundled log4j2.xml to enable ANSI output in the console and log sent packets. -->
<!-- This file is licensed under the Minecraft Forge License, located in dependencyLicenses/minecraftForge/MINECRAFT_FORGE_LICENSE.txt.-->
<Configuration status="WARN" packages="com.mojang.util" monitorInterval="30">
    <Appenders>
        <Console name="FmlSysOut" target="SYSTEM_OUT">
            <PatternLayout pattern="[%d{HH:mm:ss}] %highlight{[%t/%level] [%logger]: %msg%n%throwable}{FATAL=BG_Red, default, bold, ERROR=red, WARN=yellow, INFO=default, DEBUG=green, dim, TRACE=black}" />
        </Console>
        <Console name="SysOut" target="SYSTEM_OUT">
            <PatternLayout pattern="[%d{HH:mm:ss}] %highlight{[%t/%level]: %msg%n%throwable}{FATAL=BG_Red, default, bold, ERROR=red, WARN=yellow, INFO=default, DEBUG=green, dim, TRACE=black}" />
        </Console>
        <RollingRandomAccessFile name="File" fileName="logs/latest.log" filePattern="logs/%d{yyyy-MM-dd}-%i.log.gz">
            <PatternLayout pattern="[%d{HH:mm:ss}] [%t/%level]: %msg%n" />
            <Policies>
                <TimeBasedTriggeringPolicy />
                <OnStartupTriggeringPolicy />
            </Policies>
        </RollingRandomAccessFile>
        <RollingRandomAccessFile name="PacketFile" fileName="logs/packets-latest.log" filePattern="logs/%d{yyyy-MM-dd}-%i.packet-log.gz">
            <MarkerFilter marker="NETWORK_PACKETS" onMatch="ACCEPT" onMismatch="DENY" />
            <PatternLayout pattern="[%d{HH:mm:ss}] [%t/%level]: %msg%n" />
            <Policies>
                <TimeBasedTriggeringPolicy />
                <OnStartupTriggeringPolicy />
            </Policies>
        </RollingRandomAccessFile>
        <Async name="AsyncPackets">
            <filters>
                <!-- We mainly care about sent packets. If you want received only use "PACKET_RECEIVED". -->
                <!-- If you want both sent and received, use NETWORK_PACKETS. -->
                <MarkerFilter marker="PACKET_SENT" onMatch="NEUTRAL" onMismatch="DENY" />
                <!-- Add the packet IDs of the packets you want to ignore to the regex.-->
                <!-- Please use decimal values and not hex; more info: https://wiki.vg/Debugging#Network_packets_only -->
                <RegexFilter regex=".*(PLAY:(?:0|3|4|5|6|15)).*" onMatch="DENY" onMismatch="ACCEPT"/>
            </filters>
            <AppenderRef ref="SysOut" level="DEBUG" />
            <AppenderRef ref="PacketFile" />
        </Async>
        <Routing name="FmlFile">
            <Routes pattern="$${ctx:side}">
                <Route>
                    <RollingRandomAccessFile name="FmlFile" fileName="logs/fml-${ctx:side}-latest.log" filePattern="logs/fml-${ctx:side}-%i.log">
                        <PatternLayout pattern="[%d{HH:mm:ss}] [%t/%level] [%logger/%X{mod}]: %msg%n" />
                        <DefaultRolloverStrategy max="3" fileIndex="max" />
                        <Policies>
                            <OnStartupTriggeringPolicy />
                        </Policies>
                    </RollingRandomAccessFile>
                </Route>
                <Route key="$${ctx:side}">
                    <RandomAccessFile name="FmlFile" fileName="logs/fml-junk-earlystartup.log" >
                        <PatternLayout pattern="[%d{HH:mm:ss}] [%t/%level] [%logger]: %msg%n" />
                    </RandomAccessFile>
                </Route>
            </Routes>
        </Routing>
    </Appenders>
    <Loggers>
        <Logger level="info" name="com.mojang" additivity="false">
            <AppenderRef ref="SysOut" level="INFO" />
            <AppenderRef ref="File" />
        </Logger>
        <Logger level="debug" name="net.minecraft" additivity="false">
            <AppenderRef ref="AsyncPackets" />
            <AppenderRef ref="File">
                <filters>
                    <ThresholdFilter level="INFO" onMatch="NEUTRAL" onMismatch="DENY" />
                    <MarkerFilter marker="NETWORK_PACKETS" onMatch="DENY" onMismatch="NEUTRAL" />
                </filters>
            </AppenderRef>
        </Logger>
        <Root level="all">
            <AppenderRef ref="FmlSysOut" level="INFO">
                <!-- No packets are logged in here. This just removes all the FML messages from the console. -->
                <MarkerFilter marker="NETWORK_PACKETS" onMatch="ACCEPT" onMismatch="DENY" />
            </AppenderRef>
            <AppenderRef ref="FmlFile"/>
        </Root>
    </Loggers>
</Configuration>
